0.000000,0.000000,0.800000,0.000000,0.000000,0.000000,1.000000,-0.100000,0.000000,0.000000,0.300000,-0.200000,0.000000,-0.100000,0.000000,0.000000,0.300000,-0.200000,0.000000,0.000000,0.000000,0.000000,0.350000,0.180000,0.000000,0.870000,0.000000,0.000000,0.000000,0.350000,-0.180000,0.000000,0.870000,0.000000,0.000000,0.000000
0.000000,0.000000,0.800000,0.000000,0.000000,0.000000,1.000000,-0.100000,0.000000,0.000000,0.300000,-0.200000,0.000000,-0.100000,0.000000,0.000000,0.300000,-0.200000,0.000000,0.005385,-0.005573,0.011034,0.350000,0.180000,0.000000,0.870000,0.000000,0.000000,0.000000,0.327932,-0.179834,-0.007362,0.862434,0.005155,-0.000536,-0.001430
0.000000,0.000000,0.800000,0.000000,0.000000,0.000000,1.000000,-0.100000,0.000000,0.000000,0.300000,-0.200000,0.000000,-0.100000,0.000000,0.000000,0.300000,-0.200000,0.000000,0.010771,-0.011145,0.022069,0.350000,0.180000,0.000000,0.870000,0.000000,0.000000,0.000000,0.305865,-0.179668,-0.014724,0.854867,0.010310,-0.001071,-0.002861
0.000000,0.000000,0.800000,0.000000,0.000000,0.000000,1.000000,-0.100000,0.000000,0.000000,0.300000,-0.200000,0.000000,-0.100000,0.000000,0.000000,0.300000,-0.200000,0.000000,0.016156,-0.016718,0.033103,0.350000,0.180000,0.000000,0.870000,0.000000,0.000000,0.000000,0.283797,-0.179502,-0.022087,0.847301,0.015465,-0.001607,-0.004291
0.000000,0.000000,0.800000,0.000000,0.000000,0.000000,1.000000,-0.100000,0.000000,0.000000,0.300000,-0.200000,0.000000,-0.100000,0.000000,0.000000,0.300000,-0.200000,0.000000,0.021542,-0.022291,0.044137,0.350000,0.180000,0.000000,0.870000,0.000000,0.000000,0.000000,0.261729,-0.179336,-0.029449,0.839734,0.020619,-0.002142,-0.005721
0.000000,0.000000,0.800000,0.000000,0.000000,0.000000,1.000000,-0.100000,0.000000,0.000000,0.300000,-0.200000,0.000000,-0.100000,0.000000,0.000000,0.300000,-0.200000,0.000000,0.026927,-0.027863,0.055172,0.350000,0.180000,0.000000,0.870000,0.000000,0.000000,0.000000,0.239662,-0.179169,-0.036811,0.832168,0.025774,-0.002678,-0.007152
0.000000,0.000000,0.800000,0.000000,0.000000,0.000000,1.000000,-0.100000,0.000000,0.000000,0.300000,-0.200000,0.000000,-0.100000,0.000000,0.000000,0.300000,-0.200000,0.000000,0.032313,-0.033436,0.066206,0.350000,0.180000,0.000000,0.870000,0.000000,0.000000,0.000000,0.217594,-0.179003,-0.044173,0.824601,0.030929,-0.003214,-0.008582
0.000000,0.000000,0.800000,0.000000,0.000000,0.000000,1.000000,-0.100000,0.000000,0.000000,0.300000,-0.200000,0.000000,-0.100000,0.000000,0.000000,0.300000,-0.200000,0.000000,0.037698,-0.039009,0.077240,0.350000,0.180000,0.000000,0.870000,0.000000,0.000000,0.000000,0.195526,-0.178837,-0.051536,0.817035,0.036084,-0.003749,-0.010012
0.000000,0.000000,0.800000,0.000000,0.000000,0.000000,1.000000,-0.100000,0.000000,0.000000,0.300000,-0.200000,0.000000,-0.100000,0.000000,0.000000,0.300000,-0.200000,0.000000,0.043084,-0.044581,0.088274,0.350000,0.180000,0.000000,0.870000,0.000000,0.000000,0.000000,0.173459,-0.178671,-0.058898,0.809468,0.041239,-0.004285,-0.011443
0.000000,0.000000,0.800000,0.000000,0.000000,0.000000,1.000000,-0.100000,0.000000,0.000000,0.300000,-0.200000,0.000000,-0.100000,0.000000,0.000000,0.300000,-0.200000,0.000000,0.048469,-0.050154,0.099309,0.350000,0.180000,0.000000,0.870000,0.000000,0.000000,0.000000,0.151391,-0.178505,-0.066260,0.801902,0.046394,-0.004820,-0.012873
0.000000,0.000000,0.800000,0.000000,0.000000,0.000000,1.000000,-0.100000,0.000000,0.000000,0.300000,-0.200000,0.000000,-0.100000,0.000000,0.000000,0.300000,-0.200000,0.000000,0.053855,-0.055727,0.110343,0.350000,0.180000,0.000000,0.870000,0.000000,0.000000,0.000000,0.129323,-0.178339,-0.073622,0.794335,0.051549,-0.005356,-0.014303
0.000000,0.000000,0.800000,0.000000,0.000000,0.000000,1.000000,-0.100000,0.000000,0.000000,0.300000,-0.200000,0.000000,-0.100000,0.000000,0.000000,0.300000,-0.200000,0.000000,0.059240,-0.061299,0.121377,0.350000,0.180000,0.000000,0.870000,0.000000,0.000000,0.000000,0.107255,-0.178173,-0.080985,0.786769,0.056704,-0.005892,-0.015734
0.000000,0.000000,0.800000,0.000000,0.000000,0.000000,1.000000,-0.100000,0.000000,0.000000,0.300000,-0.200000,0.000000,-0.100000,0.000000,0.000000,0.300000,-0.200000,0.000000,0.064626,-0.066872,0.132412,0.350000,0.180000,0.000000,0.870000,0.000000,0.000000,0.000000,0.085188,-0.178007,-0.088347,0.779202,0.061858,-0.006427,-0.017164
0.000000,0.000000,0.800000,0.000000,0.000000,0.000000,1.000000,-0.100000,0.000000,0.000000,0.300000,-0.200000,0.000000,-0.100000,0.000000,0.000000,0.300000,-0.200000,0.000000,0.070011,-0.072445,0.143446,0.350000,0.180000,0.000000,0.870000,0.000000,0.000000,0.000000,0.063120,-0.177841,-0.095709,0.771636,0.067013,-0.006963,-0.018594
0.000000,0.000000,0.800000,0.000000,0.000000,0.000000,1.000000,-0.100000,0.000000,0.000000,0.300000,-0.200000,0.000000,-0.100000,0.000000,0.000000,0.300000,-0.200000,0.000000,0.075396,-0.078017,0.154480,0.350000,0.180000,0.000000,0.870000,0.000000,0.000000,0.000000,0.041052,-0.177674,-0.103071,0.764069,0.072168,-0.007499,-0.020025
0.000000,0.000000,0.800000,0.000000,0.000000,0.000000,1.000000,-0.100000,0.000000,0.000000,0.300000,-0.200000,0.000000,-0.100000,0.000000,0.000000,0.300000,-0.200000,0.000000,0.080782,-0.083590,0.165515,0.350000,0.180000,0.000000,0.870000,0.000000,0.000000,0.000000,0.018985,-0.177508,-0.110433,0.756503,0.077323,-0.008034,-0.021455
0.000000,0.000000,0.800000,0.000000,0.000000,0.000000,1.000000,-0.100000,0.000000,0.000000,0.300000,-0.200000,0.000000,-0.100000,0.000000,0.000000,0.300000,-0.200000,0.000000,0.086167,-0.089163,0.176549,0.350000,0.180000,0.000000,0.870000,0.000000,0.000000,0.000000,-0.003083,-0.177342,-0.117796,0.748936,0.082478,-0.008570,-0.022885
0.000000,0.000000,0.800000,0.000000,0.000000,0.000000,1.000000,-0.100000,0.000000,0.000000,0.300000,-0.200000,0.000000,-0.100000,0.000000,0.000000,0.300000,-0.200000,0.000000,0.091553,-0.094735,0.187583,0.350000,0.180000,0.000000,0.870000,0.000000,0.000000,0.000000,-0.025151,-0.177176,-0.125158,0.741370,0.087633,-0.009105,-0.024316
0.000000,0.000000,0.800000,0.000000,0.000000,0.000000,1.000000,-0.100000,0.000000,0.000000,0.300000,-0.200000,0.000000,-0.100000,0.000000,0.000000,0.300000,-0.200000,0.000000,0.096938,-0.100308,0.198617,0.350000,0.180000,0.000000,0.870000,0.000000,0.000000,0.000000,-0.047218,-0.177010,-0.132520,0.733803,0.092788,-0.009641,-0.025746
0.000000,0.000000,0.800000,0.000000,0.000000,0.000000,1.000000,-0.100000,0.000000,0.000000,0.300000,-0.200000,0.000000,-0.100000,0.000000,0.000000,0.300000,-0.200000,0.000000,0.102324,-0.105881,0.209652,0.350000,0.180000,0.000000,0.870000,0.000000,0.000000,0.000000,-0.069286,-0.176844,-0.139882,0.726237,0.097943,-0.010177,-0.027177
0.000000,0.000000,0.800000,0.000000,0.000000,0.000000,1.000000,-0.100000,0.000000,0.000000,0.300000,-0.200000,0.000000,-0.100000,0.000000,0.000000,0.300000,-0.200000,0.000000,0.107709,-0.111453,0.220686,0.350000,0.180000,0.000000,0.870000,0.000000,0.000000,0.000000,-0.091354,-0.176678,-0.147245,0.718670,0.103097,-0.010712,-0.028607
0.000000,0.000000,0.800000,0.000000,0.000000,0.000000,1.000000,-0.100000,0.000000,0.000000,0.300000,-0.200000,0.000000,-0.100000,0.000000,0.000000,0.300000,-0.200000,0.000000,0.113095,-0.117026,0.231720,0.350000,0.180000,0.000000,0.870000,0.000000,0.000000,0.000000,-0.113421,-0.176512,-0.154607,0.711104,0.108252,-0.011248,-0.030037
0.000000,0.000000,0.800000,0.000000,0.000000,0.000000,1.000000,-0.100000,0.000000,0.000000,0.300000,-0.200000,0.000000,-0.100000,0.000000,0.000000,0.300000,-0.200000,0.000000,0.118480,-0.122598,0.242755,0.350000,0.180000,0.000000,0.870000,0.000000,0.000000,0.000000,-0.135489,-0.176346,-0.161969,0.703537,0.113407,-0.011783,-0.031468
0.000000,0.000000,0.800000,0.000000,0.000000,0.000000,1.000000,-0.100000,0.000000,0.000000,0.300000,-0.200000,0.000000,-0.100000,0.000000,0.000000,0.300000,-0.200000,0.000000,0.123866,-0.128171,0.253789,0.350000,0.180000,0.000000,0.870000,0.000000,0.000000,0.000000,-0.157557,-0.176179,-0.169331,0.695971,0.118562,-0.012319,-0.032898
0.000000,0.000000,0.800000,0.000000,0.000000,0.000000,1.000000,-0.100000,0.000000,0.000000,0.300000,-0.200000,0.000000,-0.100000,0.000000,0.000000,0.300000,-0.200000,0.000000,0.129251,-0.133744,0.264823,0.350000,0.180000,0.000000,0.870000,0.000000,0.000000,0.000000,-0.179624,-0.176013,-0.176694,0.688404,0.123717,-0.012855,-0.034328
0.000000,0.000000,0.800000,0.000000,0.000000,0.000000,1.000000,-0.100000,0.000000,0.000000,0.300000,-0.200000,0.000000,-0.100000,0.000000,0.000000,0.300000,-0.200000,0.000000,0.134636,-0.139316,0.275858,0.350000,0.180000,0.000000,0.870000,0.000000,0.000000,0.000000,-0.201692,-0.175847,-0.184056,0.680838,0.128872,-0.013390,-0.035759
0.000000,0.000000,0.800000,0.000000,0.000000,0.000000,1.000000,-0.100000,0.000000,0.000000,0.300000,-0.200000,0.000000,-0.100000,0.000000,0.000000,0.300000,-0.200000,0.000000,0.140022,-0.144889,0.286892,0.350000,0.180000,0.000000,0.870000,0.000000,0.000000,0.000000,-0.223760,-0.175681,-0.191418,0.673271,0.134027,-0.013926,-0.037189
0.000000,0.000000,0.800000,0.000000,0.000000,0.000000,1.000000,-0.100000,0.000000,0.000000,0.300000,-0.200000,0.000000,-0.100000,0.000000,0.000000,0.300000,-0.200000,0.000000,0.145407,-0.150462,0.297926,0.350000,0.180000,0.000000,0.870000,0.000000,0.000000,0.000000,-0.245827,-0.175515,-0.198780,0.665705,0.139182,-0.014461,-0.038619
0.000000,0.000000,0.800000,0.000000,0.000000,0.000000,1.000000,-0.100000,0.000000,0.000000,0.300000,-0.200000,0.000000,-0.100000,0.000000,0.000000,0.300000,-0.200000,0.000000,0.150793,-0.156034,0.308960,0.350000,0.180000,0.000000,0.870000,0.000000,0.000000,0.000000,-0.267895,-0.175349,-0.206142,0.658138,0.144336,-0.014997,-0.040050
0.000000,0.000000,0.800000,0.000000,0.000000,0.000000,1.000000,-0.100000,0.000000,0.000000,0.300000,-0.200000,0.000000,-0.100000,0.000000,0.000000,0.300000,-0.200000,0.000000,0.156178,-0.161607,0.319995,0.350000,0.180000,0.000000,0.870000,0.000000,0.000000,0.000000,-0.289963,-0.175183,-0.213505,0.650572,0.149491,-0.015533,-0.041480
0.000000,0.000000,0.800000,0.000000,0.000000,0.000000,1.000000,-0.100000,0.000000,0.000000,0.300000,-0.200000,0.000000,-0.100000,0.000000,0.000000,0.300000,-0.200000,0.000000,0.161564,-0.167180,0.331029,0.350000,0.180000,0.000000,0.870000,0.000000,0.000000,0.000000,-0.312030,-0.175017,-0.220867,0.643005,0.154646,-0.016068,-0.042910
0.000000,0.000000,0.800000,0.000000,0.000000,0.000000,1.000000,-0.100000,0.000000,0.000000,0.300000,-0.200000,0.000000,-0.100000,0.000000,0.000000,0.300000,-0.200000,0.000000,0.166949,-0.172752,0.342063,0.350000,0.180000,0.000000,0.870000,0.000000,0.000000,0.000000,-0.334098,-0.174851,-0.228229,0.635439,0.159801,-0.016604,-0.044341
0.000000,0.000000,0.800000,0.000000,0.000000,0.000000,1.000000,-0.100000,0.000000,0.000000,0.300000,-0.200000,0.000000,-0.100000,0.000000,0.000000,0.300000,-0.200000,0.000000,0.172335,-0.178325,0.353098,0.350000,0.180000,0.000000,0.870000,0.000000,0.000000,0.000000,-0.356166,-0.174684,-0.235591,0.627872,0.164956,-0.017140,-0.045771
0.000000,0.000000,0.800000,0.000000,0.000000,0.000000,1.000000,-0.100000,0.000000,0.000000,0.300000,-0.200000,0.000000,-0.100000,0.000000,0.000000,0.300000,-0.200000,0.000000,0.177720,-0.183898,0.364132,0.350000,0.180000,0.000000,0.870000,0.000000,0.000000,0.000000,-0.378234,-0.174518,-0.242954,0.620306,0.170111,-0.017675,-0.047201
0.000000,0.000000,0.800000,0.000000,0.000000,0.000000,1.000000,-0.100000,0.000000,0.000000,0.300000,-0.200000,0.000000,-0.100000,0.000000,0.000000,0.300000,-0.200000,0.000000,0.183106,-0.189470,0.375166,0.350000,0.180000,0.000000,0.870000,0.000000,0.000000,0.000000,-0.400301,-0.174352,-0.250316,0.612739,0.175266,-0.018211,-0.048632
0.000000,0.000000,0.800000,0.000000,0.000000,0.000000,1.000000,-0.100000,0.000000,0.000000,0.300000,-0.200000,0.000000,-0.100000,0.000000,0.000000,0.300000,-0.200000,0.000000,0.188491,-0.195043,0.386201,0.350000,0.180000,0.000000,0.870000,0.000000,0.000000,0.000000,-0.422369,-0.174186,-0.257678,0.605173,0.180421,-0.018746,-0.050062
0.000000,0.000000,0.800000,0.000000,0.000000,0.000000,1.000000,-0.100000,0.000000,0.000000,0.300000,-0.200000,0.000000,-0.100000,0.000000,0.000000,0.300000,-0.200000,0.000000,0.193877,-0.200616,0.397235,0.350000,0.180000,0.000000,0.870000,0.000000,0.000000,0.000000,-0.444437,-0.174020,-0.265040,0.597606,0.185575,-0.019282,-0.051492
0.000000,0.000000,0.800000,0.000000,0.000000,0.000000,1.000000,-0.100000,0.000000,0.000000,0.300000,-0.200000,0.000000,-0.100000,0.000000,0.000000,0.300000,-0.200000,0.000000,0.199262,-0.206188,0.408269,0.350000,0.180000,0.000000,0.870000,0.000000,0.000000,0.000000,-0.466504,-0.173854,-0.272403,0.590040,0.190730,-0.019818,-0.052923
0.000000,0.000000,0.800000,0.000000,0.000000,0.000000,1.000000,-0.100000,0.000000,0.000000,0.300000,-0.200000,0.000000,-0.100000,0.000000,0.000000,0.300000,-0.200000,0.000000,0.204647,-0.211761,0.419304,0.350000,0.180000,0.000000,0.870000,0.000000,0.000000,0.000000,-0.488572,-0.173688,-0.279765,0.582473,0.195885,-0.020353,-0.054353
0.000000,0.000000,0.800000,0.000000,0.000000,0.000000,1.000000,-0.100000,0.000000,0.000000,0.300000,-0.200000,0.000000,-0.100000,0.000000,0.000000,0.300000,-0.200000,0.000000,0.210033,-0.217334,0.430338,0.350000,0.180000,0.000000,0.870000,0.000000,0.000000,0.000000,-0.510640,-0.173522,-0.287127,0.574907,0.201040,-0.020889,-0.055783
0.000000,0.000000,0.800000,0.000000,0.000000,0.000000,1.000000,-0.100000,0.000000,0.000000,0.300000,-0.200000,0.000000,-0.100000,0.000000,0.000000,0.300000,-0.200000,0.000000,0.215418,-0.222906,0.441372,0.350000,0.180000,0.000000,0.870000,0.000000,0.000000,0.000000,-0.532707,-0.173356,-0.294489,0.567340,0.206195,-0.021424,-0.057214
0.000000,0.000000,0.800000,0.000000,0.000000,0.000000,1.000000,-0.100000,0.000000,0.000000,0.300000,-0.200000,0.000000,-0.100000,0.000000,0.000000,0.300000,-0.200000,0.000000,0.220804,-0.228479,0.452406,0.350000,0.180000,0.000000,0.870000,0.000000,0.000000,0.000000,-0.554775,-0.173189,-0.301851,0.559774,0.211350,-0.021960,-0.058644
0.000000,0.000000,0.800000,0.000000,0.000000,0.000000,1.000000,-0.100000,0.000000,0.000000,0.300000,-0.200000,0.000000,-0.100000,0.000000,0.000000,0.300000,-0.200000,0.000000,0.226189,-0.234052,0.463441,0.350000,0.180000,0.000000,0.870000,0.000000,0.000000,0.000000,-0.576843,-0.173023,-0.309214,0.552207,0.216505,-0.022496,-0.060074
0.000000,0.000000,0.800000,0.000000,0.000000,0.000000,1.000000,-0.100000,0.000000,0.000000,0.300000,-0.200000,0.000000,-0.100000,0.000000,0.000000,0.300000,-0.200000,0.000000,0.231575,-0.239624,0.474475,0.350000,0.180000,0.000000,0.870000,0.000000,0.000000,0.000000,-0.598910,-0.172857,-0.316576,0.544641,0.221659,-0.023031,-0.061505
0.000000,0.000000,0.800000,0.000000,0.000000,0.000000,1.000000,-0.100000,0.000000,0.000000,0.300000,-0.200000,0.000000,-0.100000,0.000000,0.000000,0.300000,-0.200000,0.000000,0.236960,-0.245197,0.485509,0.350000,0.180000,0.000000,0.870000,0.000000,0.000000,0.000000,-0.620978,-0.172691,-0.323938,0.537074,0.226814,-0.023567,-0.062935
0.000000,0.000000,0.800000,0.000000,0.000000,0.000000,1.000000,-0.100000,0.000000,0.000000,0.300000,-0.200000,0.000000,-0.100000,0.000000,0.000000,0.300000,-0.200000,0.000000,0.242346,-0.250770,0.496544,0.350000,0.180000,0.000000,0.870000,0.000000,0.000000,0.000000,-0.643046,-0.172525,-0.331300,0.529508,0.231969,-0.024102,-0.064365
0.000000,0.000000,0.800000,0.000000,0.000000,0.000000,1.000000,-0.100000,0.000000,0.000000,0.300000,-0.200000,0.000000,-0.100000,0.000000,0.000000,0.300000,-0.200000,0.000000,0.247731,-0.256342,0.507578,0.350000,0.180000,0.000000,0.870000,0.000000,0.000000,0.000000,-0.665113,-0.172359,-0.338663,0.521941,0.237124,-0.024638,-0.065796
0.000000,0.000000,0.800000,0.000000,0.000000,0.000000,1.000000,-0.100000,0.000000,0.000000,0.300000,-0.200000,0.000000,-0.100000,0.000000,0.000000,0.300000,-0.200000,0.000000,0.253117,-0.261915,0.518612,0.350000,0.180000,0.000000,0.870000,0.000000,0.000000,0.000000,-0.687181,-0.172193,-0.346025,0.514375,0.242279,-0.025174,-0.067226
0.000000,0.000000,0.800000,0.000000,0.000000,0.000000,1.000000,-0.100000,0.000000,0.000000,0.300000,-0.200000,0.000000,-0.100000,0.000000,0.000000,0.300000,-0.200000,0.000000,0.258502,-0.267488,0.529647,0.350000,0.180000,0.000000,0.870000,0.000000,0.000000,0.000000,-0.709249,-0.172027,-0.353387,0.506808,0.247434,-0.025709,-0.068656
0.000000,0.000000,0.800000,0.000000,0.000000,0.000000,1.000000,-0.100000,0.000000,0.000000,0.300000,-0.200000,0.000000,-0.100000,0.000000,0.000000,0.300000,-0.200000,0.000000,0.263887,-0.273060,0.540681,0.350000,0.180000,0.000000,0.870000,0.000000,0.000000,0.000000,-0.731316,-0.171861,-0.360749,0.499242,0.252589,-0.026245,-0.070087
0.000000,0.000000,0.800000,0.000000,0.000000,0.000000,1.000000,-0.100000,0.000000,0.000000,0.300000,-0.200000,0.000000,-0.100000,0.000000,0.000000,0.300000,-0.200000,0.000000,0.269273,-0.278633,0.551715,0.350000,0.180000,0.000000,0.870000,0.000000,0.000000,0.000000,-0.753384,-0.171694,-0.368112,0.491675,0.257744,-0.026780,-0.071517
0.000000,0.000000,0.800000,0.000000,0.000000,0.000000,1.000000,-0.100000,0.000000,0.000000,0.300000,-0.200000,0.000000,-0.100000,0.000000,0.000000,0.300000,-0.200000,0.000000,0.274658,-0.284206,0.562749,0.350000,0.180000,0.000000,0.870000,0.000000,0.000000,0.000000,-0.775452,-0.171528,-0.375474,0.484109,0.262898,-0.027316,-0.072948
0.000000,0.000000,0.800000,0.000000,0.000000,0.000000,1.000000,-0.100000,0.000000,0.000000,0.300000,-0.200000,0.000000,-0.100000,0.000000,0.000000,0.300000,-0.200000,0.000000,0.280044,-0.289778,0.573784,0.350000,0.180000,0.000000,0.870000,0.000000,0.000000,0.000000,-0.797519,-0.171362,-0.382836,0.476542,0.268053,-0.027852,-0.074378
0.000000,0.000000,0.800000,0.000000,0.000000,0.000000,1.000000,-0.100000,0.000000,0.000000,0.300000,-0.200000,0.000000,-0.100000,0.000000,0.000000,0.300000,-0.200000,0.000000,0.285429,-0.295351,0.584818,0.350000,0.180000,0.000000,0.870000,0.000000,0.000000,0.000000,-0.819587,-0.171196,-0.390198,0.468976,0.273208,-0.028387,-0.075808
0.000000,0.000000,0.800000,0.000000,0.000000,0.000000,1.000000,-0.100000,0.000000,0.000000,0.300000,-0.200000,0.000000,-0.100000,0.000000,0.000000,0.300000,-0.200000,0.000000,0.290815,-0.300924,0.595852,0.350000,0.180000,0.000000,0.870000,0.000000,0.000000,0.000000,-0.841655,-0.171030,-0.397560,0.461409,0.278363,-0.028923,-0.077239
0.000000,0.000000,0.800000,0.000000,0.000000,0.000000,1.000000,-0.100000,0.000000,0.000000,0.300000,-0.200000,0.000000,-0.100000,0.000000,0.000000,0.300000,-0.200000,0.000000,0.296200,-0.306496,0.606887,0.350000,0.180000,0.000000,0.870000,0.000000,0.000000,0.000000,-0.863723,-0.170864,-0.404923,0.453843,0.283518,-0.029459,-0.078669
0.000000,0.000000,0.800000,0.000000,0.000000,0.000000,1.000000,-0.100000,0.000000,0.000000,0.300000,-0.200000,0.000000,-0.100000,0.000000,0.000000,0.300000,-0.200000,0.000000,0.301586,-0.312069,0.617921,0.350000,0.180000,0.000000,0.870000,0.000000,0.000000,0.000000,-0.885790,-0.170698,-0.412285,0.446276,0.288673,-0.029994,-0.080099
0.000000,0.000000,0.800000,0.000000,0.000000,0.000000,1.000000,-0.100000,0.000000,0.000000,0.300000,-0.200000,0.000000,-0.100000,0.000000,0.000000,0.300000,-0.200000,0.000000,0.306971,-0.317642,0.628955,0.350000,0.180000,0.000000,0.870000,0.000000,0.000000,0.000000,-0.907858,-0.170532,-0.419647,0.438710,0.293828,-0.030530,-0.081530
0.000000,0.000000,0.800000,0.000000,0.000000,0.000000,1.000000,-0.100000,0.000000,0.000000,0.300000,-0.200000,0.000000,-0.100000,0.000000,0.000000,0.300000,-0.200000,0.000000,0.312357,-0.323214,0.639990,0.350000,0.180000,0.000000,0.870000,0.000000,0.000000,0.000000,-0.929926,-0.170366,-0.427009,0.431143,0.298983,-0.031065,-0.082960
0.000000,0.000000,0.800000,0.000000,0.000000,0.000000,1.000000,-0.100000,0.000000,0.000000,0.300000,-0.200000,0.000000,-0.100000,0.000000,0.000000,0.300000,-0.200000,0.000000,0.317742,-0.328787,0.651024,0.350000,0.180000,0.000000,0.870000,0.000000,0.000000,0.000000,-0.951993,-0.170199,-0.434372,0.423577,0.304137,-0.031601,-0.084390
0.000000,0.000000,0.800000,0.000000,0.000000,0.000000,1.000000,-0.100000,0.000000,0.000000,0.300000,-0.200000,0.000000,-0.100000,0.000000,0.000000,0.300000,-0.200000,0.000000,0.323128,-0.334359,0.662058,0.350000,0.180000,0.000000,0.870000,0.000000,0.000000,0.000000,-0.974061,-0.170033,-0.441734,0.416010,0.309292,-0.032137,-0.085821
0.000000,0.000000,0.800000,0.000000,0.000000,0.000000,1.000000,-0.100000,0.000000,0.000000,0.300000,-0.200000,0.000000,-0.100000,0.000000,0.000000,0.300000,-0.200000,0.000000,0.319400,-0.340884,0.645915,0.350000,0.180000,0.000000,0.870000,0.000000,0.000000,0.000000,-0.976891,-0.175328,-0.443908,0.420545,0.314652,-0.014609,-0.084378
0.000000,0.000000,0.800000,0.000000,0.000000,0.000000,1.000000,-0.100000,0.000000,0.000000,0.300000,-0.200000,0.000000,-0.100000,0.000000,0.000000,0.300000,-0.200000,0.000000,0.314886,-0.347034,0.629745,0.350000,0.180000,0.000000,0.870000,0.000000,0.000000,0.000000,-0.980188,-0.181742,-0.446260,0.425321,0.320294,0.003651,-0.082148
0.000000,0.000000,0.800000,0.000000,0.000000,0.000000,1.000000,-0.100000,0.000000,0.000000,0.300000,-0.200000,0.000000,-0.100000,0.000000,0.000000,0.300000,-0.200000,0.000000,0.309786,-0.352605,0.614082,0.350000,0.180000,0.000000,0.870000,0.000000,0.000000,0.000000,-0.983901,-0.189100,-0.448694,0.430192,0.326018,0.022073,-0.079198
0.000000,0.000000,0.800000,0.000000,0.000000,0.000000,1.000000,-0.100000,0.000000,0.000000,0.300000,-0.200000,0.000000,-0.100000,0.000000,0.000000,0.300000,-0.200000,0.000000,0.304146,-0.357576,0.598992,0.350000,0.180000,0.000000,0.870000,0.000000,0.000000,0.000000,-0.988003,-0.197355,-0.451181,0.435137,0.331782,0.040569,-0.075539
0.000000,0.000000,0.800000,0.000000,0.000000,0.000000,1.000000,-0.100000,0.000000,0.000000,0.300000,-0.200000,0.000000,-0.100000,0.000000,0.000000,0.300000,-0.200000,0.000000,0.298008,-0.361931,0.584536,0.350000,0.180000,0.000000,0.870000,0.000000,0.000000,0.000000,-0.992477,-0.206475,-0.453696,0.440142,0.337554,0.059072,-0.071182
0.000000,0.000000,0.800000,0.000000,0.000000,0.000000,1.000000,-0.100000,0.000000,0.000000,0.300000,-0.200000,0.000000,-0.100000,0.000000,0.000000,0.300000,-0.200000,0.000000,0.291410,-0.365658,0.570771,0.350000,0.180000,0.000000,0.870000,0.000000,0.000000,0.000000,-0.997312,-0.216426,-0.456216,0.445194,0.343301,0.077520,-0.066138
0.000000,0.000000,0.800000,0.000000,0.000000,0.000000,1.000000,-0.100000,0.000000,0.000000,0.300000,-0.200000,0.000000,-0.100000,0.000000,0.000000,0.300000,-0.200000,0.000000,0.284395,-0.368747,0.557752,0.350000,0.180000,0.000000,0.870000,0.000000,0.000000,0.000000,-1.002495,-0.227171,-0.458717,0.450280,0.348993,0.095851,-0.060420
0.000000,0.000000,0.800000,0.000000,0.000000,0.000000,1.000000,-0.100000,0.000000,0.000000,0.300000,-0.200000,0.000000,-0.100000,0.000000,0.000000,0.300000,-0.200000,0.000000,0.277002,-0.371193,0.545528,0.350000,0.180000,0.000000,0.870000,0.000000,0.000000,0.000000,-1.008014,-0.238669,-0.461173,0.455386,0.354603,0.114005,-0.054043
0.000000,0.000000,0.800000,0.000000,0.000000,0.000000,1.000000,-0.100000,0.000000,0.000000,0.300000,-0.200000,0.000000,-0.100000,0.000000,0.000000,0.300000,-0.200000,0.000000,0.269270,-0.372995,0.534145,0.350000,0.180000,0.000000,0.870000,0.000000,0.000000,0.000000,-1.013856,-0.250880,-0.463563,0.460497,0.360106,0.131927,-0.047024
0.000000,0.000000,0.800000,0.000000,0.000000,0.000000,1.000000,-0.100000,0.000000,0.000000,0.300000,-0.200000,0.000000,-0.100000,0.000000,0.000000,0.300000,-0.200000,0.000000,0.261238,-0.374153,0.523642,0.350000,0.180000,0.000000,0.870000,0.000000,0.000000,0.000000,-1.020009,-0.263758,-0.465865,0.465599,0.365479,0.149561,-0.039378
0.000000,0.000000,0.800000,0.000000,0.000000,0.000000,1.000000,-0.100000,0.000000,0.000000,0.300000,-0.200000,0.000000,-0.100000,0.000000,0.000000,0.300000,-0.200000,0.000000,0.252941,-0.374672,0.514056,0.350000,0.180000,0.000000,0.870000,0.000000,0.000000,0.000000,-1.026461,-0.277260,-0.468058,0.470679,0.370701,0.166857,-0.031127
0.000000,0.000000,0.800000,0.000000,0.000000,0.000000,1.000000,-0.100000,0.000000,0.000000,0.300000,-0.200000,0.000000,-0.100000,0.000000,0.000000,0.300000,-0.200000,0.000000,0.244417,-0.374558,0.505416,0.350000,0.180000,0.000000,0.870000,0.000000,0.000000,0.000000,-1.033200,-0.291340,-0.470124,0.475721,0.375754,0.183766,-0.022290
0.000000,0.000000,0.800000,0.000000,0.000000,0.000000,1.000000,-0.100000,0.000000,0.000000,0.300000,-0.200000,0.000000,-0.100000,0.000000,0.000000,0.300000,-0.200000,0.000000,0.235699,-0.373820,0.497748,0.350000,0.180000,0.000000,0.870000,0.000000,0.000000,0.000000,-1.040212,-0.305949,-0.472047,0.480711,0.380623,0.200242,-0.012889
0.000000,0.000000,0.800000,0.000000,0.000000,0.000000,1.000000,-0.100000,0.000000,0.000000,0.300000,-0.200000,0.000000,-0.100000,0.000000,0.000000,0.300000,-0.200000,0.000000,0.226819,-0.372468,0.491070,0.350000,0.180000,0.000000,0.870000,0.000000,0.000000,0.000000,-1.047486,-0.321042,-0.473811,0.485635,0.385295,0.216243,-0.002950
0.000000,0.000000,0.800000,0.000000,0.000000,0.000000,1.000000,-0.100000,0.000000,0.000000,0.300000,-0.200000,0.000000,-0.100000,0.000000,0.000000,0.300000,-0.200000,0.000000,0.217811,-0.370517,0.485396,0.350000,0.180000,0.000000,0.870000,0.000000,0.000000,0.000000,-1.055007,-0.336570,-0.475407,0.490480,0.389758,0.231731,0.007502
0.000000,0.000000,0.800000,0.000000,0.000000,0.000000,1.000000,-0.100000,0.000000,0.000000,0.300000,-0.200000,0.000000,-0.100000,0.000000,0.000000,0.300000,-0.200000,0.000000,0.208702,-0.367979,0.480737,0.350000,0.180000,0.000000,0.870000,0.000000,0.000000,0.000000,-1.062763,-0.352486,-0.476822,0.495232,0.394004,0.246668,0.018441
0.000000,0.000000,0.800000,0.000000,0.000000,0.000000,1.000000,-0.100000,0.000000,0.000000,0.300000,-0.200000,0.000000,-0.100000,0.000000,0.000000,0.300000,-0.200000,0.000000,0.199522,-0.364870,0.477096,0.350000,0.180000,0.000000,0.870000,0.000000,0.000000,0.000000,-1.070741,-0.368743,-0.478052,0.499879,0.398026,0.261022,0.029835
0.000000,0.000000,0.800000,0.000000,0.000000,0.000000,1.000000,-0.100000,0.000000,0.000000,0.300000,-0.200000,0.000000,-0.100000,0.000000,0.000000,0.300000,-0.200000,0.000000,0.190298,-0.361207,0.474472,0.350000,0.180000,0.000000,0.870000,0.000000,0.000000,0.000000,-1.078925,-0.385295,-0.479089,0.504408,0.401818,0.274762,0.041656
0.000000,0.000000,0.800000,0.000000,0.000000,0.000000,1.000000,-0.100000,0.000000,0.000000,0.300000,-0.200000,0.000000,-0.100000,0.000000,0.000000,0.300000,-0.200000,0.000000,0.181054,-0.357009,0.472860,0.350000,0.180000,0.000000,0.870000,0.000000,0.000000,0.000000,-1.087302,-0.402095,-0.479933,0.508809,0.405378,0.287860,0.053870
0.000000,0.000000,0.800000,0.000000,0.000000,0.000000,1.000000,-0.100000,0.000000,0.000000,0.300000,-0.200000,0.000000,-0.100000,0.000000,0.000000,0.300000,-0.200000,0.000000,0.171816,-0.352293,0.472250,0.350000,0.180000,0.000000,0.870000,0.000000,0.000000,0.000000,-1.095855,-0.419098,-0.480582,0.513071,0.408702,0.300294,0.066445
0.000000,0.000000,0.800000,0.000000,0.000000,0.000000,1.000000,-0.100000,0.000000,0.000000,0.300000,-0.200000,0.000000,-0.100000,0.000000,0.000000,0.300000,-0.200000,0.000000,0.162605,-0.347080,0.472628,0.350000,0.180000,0.000000,0.870000,0.000000,0.000000,0.000000,-1.104570,-0.436259,-0.481038,0.517185,0.411792,0.312040,0.079344
0.000000,0.000000,0.800000,0.000000,0.000000,0.000000,1.000000,-0.100000,0.000000,0.000000,0.300000,-0.200000,0.000000,-0.100000,0.000000,0.000000,0.300000,-0.200000,0.000000,0.153441,-0.341389,0.473975,0.350000,0.180000,0.000000,0.870000,0.000000,0.000000,0.000000,-1.113430,-0.453534,-0.481306,0.521143,0.414646,0.323080,0.092533
0.000000,0.000000,0.800000,0.000000,0.000000,0.000000,1.000000,-0.100000,0.000000,0.000000,0.300000,-0.200000,0.000000,-0.100000,0.000000,0.000000,0.300000,-0.200000,0.000000,0.144346,-0.335242,0.476271,0.350000,0.180000,0.000000,0.870000,0.000000,0.000000,0.000000,-1.122418,-0.470881,-0.481390,0.524937,0.417268,0.333396,0.105973
0.000000,0.000000,0.800000,0.000000,0.000000,0.000000,1.000000,-0.100000,0.000000,0.000000,0.300000,-0.200000,0.000000,-0.100000,0.000000,0.000000,0.300000,-0.200000,0.000000,0.135337,-0.328660,0.479490,0.350000,0.180000,0.000000,0.870000,0.000000,0.000000,0.000000,-1.131515,-0.488256,-0.481297,0.528561,0.419659,0.342975,0.119628
0.000000,0.000000,0.800000,0.000000,0.000000,0.000000,1.000000,-0.100000,0.000000,0.000000,0.300000,-0.200000,0.000000,-0.100000,0.000000,0.000000,0.300000,-0.200000,0.000000,0.126431,-0.321665,0.483603,0.350000,0.180000,0.000000,0.870000,0.000000,0.000000,0.000000,-1.140702,-0.505618,-0.481037,0.532010,0.421823,0.351805,0.133458
0.000000,0.000000,0.800000,0.000000,0.000000,0.000000,1.000000,-0.100000,0.000000,0.000000,0.300000,-0.200000,0.000000,-0.100000,0.000000,0.000000,0.300000,-0.200000,0.000000,0.117643,-0.314278,0.488580,0.350000,0.180000,0.000000,0.870000,0.000000,0.000000,0.000000,-1.149961,-0.522926,-0.480620,0.535280,0.423764,0.359875,0.147424
0.000000,0.000000,0.800000,0.000000,0.000000,0.000000,1.000000,-0.100000,0.000000,0.000000,0.300000,-0.200000,0.000000,-0.100000,0.000000,0.000000,0.300000,-0.200000,0.000000,0.108987,-0.306523,0.494387,0.350000,0.180000,0.000000,0.870000,0.000000,0.000000,0.000000,-1.159271,-0.540141,-0.480055,0.538365,0.425486,0.367179,0.161487
0.000000,0.000000,0.800000,0.000000,0.000000,0.000000,1.000000,-0.100000,0.000000,0.000000,0.300000,-0.200000,0.000000,-0.100000,0.000000,0.000000,0.300000,-0.200000,0.000000,0.100476,-0.298421,0.500988,0.350000,0.180000,0.000000,0.870000,0.000000,0.000000,0.000000,-1.168609,-0.557222,-0.479356,0.541264,0.426995,0.373710,0.175606
0.000000,0.000000,0.800000,0.000000,0.000000,0.000000,1.000000,-0.100000,0.000000,0.000000,0.300000,-0.200000,0.000000,-0.100000,0.000000,0.000000,0.300000,-0.200000,0.000000,0.092122,-0.289995,0.508345,0.350000,0.180000,0.000000,0.870000,0.000000,0.000000,0.000000,-1.177953,-0.574131,-0.478535,0.543974,0.428295,0.379465,0.189742
0.000000,0.000000,0.800000,0.000000,0.000000,0.000000,1.000000,-0.100000,0.000000,0.000000,0.300000,-0.200000,0.000000,-0.100000,0.000000,0.000000,0.300000,-0.200000,0.000000,0.083935,-0.281268,0.516418,0.350000,0.180000,0.000000,0.870000,0.000000,0.000000,0.000000,-1.187281,-0.590829,-0.477605,0.546492,0.429392,0.384442,0.203855
0.000000,0.000000,0.800000,0.000000,0.000000,0.000000,1.000000,-0.100000,0.000000,0.000000,0.300000,-0.200000,0.000000,-0.100000,0.000000,0.000000,0.300000,-0.200000,0.000000,0.075924,-0.272263,0.525167,0.350000,0.180000,0.000000,0.870000,0.000000,0.000000,0.000000,-1.196567,-0.607278,-0.476580,0.548818,0.430292,0.388639,0.217904
0.000000,0.000000,0.800000,0.000000,0.000000,0.000000,1.000000,-0.100000,0.000000,0.000000,0.300000,-0.200000,0.000000,-0.100000,0.000000,0.000000,0.300000,-0.200000,0.000000,0.068098,-0.263002,0.534549,0.350000,0.180000,0.000000,0.870000,0.000000,0.000000,0.000000,-1.205785,-0.623442,-0.475473,0.550948,0.431001,0.392059,0.231851
0.000000,0.000000,0.800000,0.000000,0.000000,0.000000,1.000000,-0.100000,0.000000,0.000000,0.300000,-0.200000,0.000000,-0.100000,0.000000,0.000000,0.300000,-0.200000,0.000000,0.060463,-0.253508,0.544520,0.350000,0.180000,0.000000,0.870000,0.000000,0.000000,0.000000,-1.214910,-0.639283,-0.474299,0.552881,0.431525,0.394705,0.245655
0.000000,0.000000,0.800000,0.000000,0.000000,0.000000,1.000000,-0.100000,0.000000,0.000000,0.300000,-0.200000,0.000000,-0.100000,0.000000,0.000000,0.300000,-0.200000,0.000000,0.053026,-0.243803,0.555036,0.350000,0.180000,0.000000,0.870000,0.000000,0.000000,0.000000,-1.223914,-0.654764,-0.473071,0.554614,0.431870,0.396579,0.259279
0.000000,0.000000,0.800000,0.000000,0.000000,0.000000,1.000000,-0.100000,0.000000,0.000000,0.300000,-0.200000,0.000000,-0.100000,0.000000,0.000000,0.300000,-0.200000,0.000000,0.045791,-0.233911,0.566052,0.350000,0.180000,0.000000,0.870000,0.000000,0.000000,0.000000,-1.232768,-0.669849,-0.471802,0.556146,0.432043,0.397689,0.272683
0.000000,0.000000,0.800000,0.000000,0.000000,0.000000,1.000000,-0.100000,0.000000,0.000000,0.300000,-0.200000,0.000000,-0.100000,0.000000,0.000000,0.300000,-0.200000,0.000000,0.038763,-0.223853,0.577524,0.350000,0.180000,0.000000,0.870000,0.000000,0.000000,0.000000,-1.241442,-0.684503,-0.470507,0.557473,0.432048,0.398040,0.285831
0.000000,0.000000,0.800000,0.000000,0.000000,0.000000,1.000000,-0.100000,0.000000,0.000000,0.300000,-0.200000,0.000000,-0.100000,0.000000,0.000000,0.300000,-0.200000,0.000000,0.031946,-0.213652,0.589404,0.350000,0.180000,0.000000,0.870000,0.000000,0.000000,0.000000,-1.249906,-0.698690,-0.469197,0.558592,0.431892,0.397642,0.298685
0.000000,0.000000,0.800000,0.000000,0.000000,0.000000,1.000000,-0.100000,0.000000,0.000000,0.300000,-0.200000,0.000000,-0.100000,0.000000,0.000000,0.300000,-0.200000,0.000000,0.025342,-0.203329,0.601650,0.350000,0.180000,0.000000,0.870000,0.000000,0.000000,0.000000,-1.258128,-0.712376,-0.467886,0.559496,0.431582,0.396503,0.311210
0.000000,0.000000,0.800000,0.000000,0.000000,0.000000,1.000000,-0.100000,0.000000,0.000000,0.300000,-0.200000,0.000000,-0.100000,0.000000,0.000000,0.300000,-0.200000,0.000000,0.018954,-0.192907,0.614215,0.350000,0.180000,0.000000,0.870000,0.000000,0.000000,0.000000,-1.266078,-0.725525,-0.466585,0.560183,0.431122,0.394635,0.323370
0.000000,0.000000,0.800000,0.000000,0.000000,0.000000,1.000000,-0.100000,0.000000,0.000000,0.300000,-0.200000,0.000000,-0.100000,0.000000,0.000000,0.300000,-0.200000,0.000000,0.012783,-0.182406,0.627054,0.350000,0.180000,0.000000,0.870000,0.000000,0.000000,0.000000,-1.273721,-0.738104,-0.465305,0.560643,0.430518,0.392049,0.335131
0.000000,0.000000,0.800000,0.000000,0.000000,0.000000,1.000000,-0.100000,0.000000,0.000000,0.300000,-0.200000,0.000000,-0.100000,0.000000,0.000000,0.300000,-0.200000,0.000000,0.006832,-0.171849,0.640125,0.350000,0.180000,0.000000,0.870000,0.000000,0.000000,0.000000,-1.281025,-0.750080,-0.464057,0.560872,0.429777,0.388758,0.346460
0.000000,0.000000,0.800000,0.000000,0.000000,0.000000,1.000000,-0.100000,0.000000,0.000000,0.300000,-0.200000,0.000000,-0.100000,0.000000,0.000000,0.300000,-0.200000,0.000000,0.001100,-0.161256,0.653383,0.350000,0.180000,0.000000,0.870000,0.000000,0.000000,0.000000,-1.287958,-0.761420,-0.462850,0.560859,0.428902,0.384776,0.357325
0.000000,0.000000,0.800000,0.000000,0.000000,0.000000,1.000000,-0.100000,0.000000,0.000000,0.300000,-0.200000,0.000000,-0.100000,0.000000,0.000000,0.300000,-0.200000,0.000000,-0.004410,-0.150649,0.666786,0.350000,0.180000,0.000000,0.870000,0.000000,0.000000,0.000000,-1.294484,-0.772095,-0.461693,0.560597,0.427899,0.380119,0.367695
0.000000,0.000000,0.800000,0.000000,0.000000,0.000000,1.000000,-0.100000,0.000000,0.000000,0.300000,-0.200000,0.000000,-0.100000,0.000000,0.000000,0.300000,-0.200000,0.000000,-0.009698,-0.140048,0.680294,0.350000,0.180000,0.000000,0.870000,0.000000,0.000000,0.000000,-1.300573,-0.782074,-0.460593,0.560074,0.426772,0.374803,0.377540
0.000000,0.000000,0.800000,0.000000,0.000000,0.000000,1.000000,-0.100000,0.000000,0.000000,0.300000,-0.200000,0.000000,-0.100000,0.000000,0.000000,0.300000,-0.200000,0.000000,-0.014762,-0.129474,0.693867,0.350000,0.180000,0.000000,0.870000,0.000000,0.000000,0.000000,-1.306191,-0.791330,-0.459559,0.559281,0.425525,0.368846,0.386831
0.000000,0.000000,0.800000,0.000000,0.000000,0.000000,1.000000,-0.100000,0.000000,0.000000,0.300000,-0.200000,0.000000,-0.100000,0.000000,0.000000,0.300000,-0.200000,0.000000,-0.019602,-0.118946,0.707467,0.350000,0.180000,0.000000,0.870000,0.000000,0.000000,0.000000,-1.311307,-0.799834,-0.458594,0.558205,0.424163,0.362266,0.395543
0.000000,0.000000,0.800000,0.000000,0.000000,0.000000,1.000000,-0.100000,0.000000,0.000000,0.300000,-0.200000,0.000000,-0.100000,0.000000,0.000000,0.300000,-0.200000,0.000000,-0.024216,-0.108485,0.721057,0.350000,0.180000,0.000000,0.870000,0.000000,0.000000,0.000000,-1.315891,-0.807563,-0.457705,0.556836,0.422687,0.355083,0.403650
0.000000,0.000000,0.800000,0.000000,0.000000,0.000000,1.000000,-0.100000,0.000000,0.000000,0.300000,-0.200000,0.000000,-0.100000,0.000000,0.000000,0.300000,-0.200000,0.000000,-0.028602,-0.098111,0.734603,0.350000,0.180000,0.000000,0.870000,0.000000,0.000000,0.000000,-1.319914,-0.814495,-0.456895,0.555162,0.421101,0.347318,0.411127
0.000000,0.000000,0.800000,0.000000,0.000000,0.000000,1.000000,-0.100000,0.000000,0.000000,0.300000,-0.200000,0.000000,-0.100000,0.000000,0.000000,0.300000,-0.200000,0.000000,-0.032757,-0.087842,0.748071,0.350000,0.180000,0.000000,0.870000,0.000000,0.000000,0.000000,-1.323350,-0.820609,-0.456165,0.553171,0.419406,0.338991,0.417953
0.000000,0.000000,0.800000,0.000000,0.000000,0.000000,1.000000,-0.100000,0.000000,0.000000,0.300000,-0.200000,0.000000,-0.100000,0.000000,0.000000,0.300000,-0.200000,0.000000,-0.036678,-0.077698,0.761430,0.350000,0.180000,0.000000,0.870000,0.000000,0.000000,0.000000,-1.326175,-0.825888,-0.455518,0.550852,0.417604,0.330126,0.424109
0.000000,0.000000,0.800000,0.000000,0.000000,0.000000,1.000000,-0.100000,0.000000,0.000000,0.300000,-0.200000,0.000000,-0.100000,0.000000,0.000000,0.300000,-0.200000,0.000000,-0.040361,-0.067697,0.774653,0.350000,0.180000,0.000000,0.870000,0.000000,0.000000,0.000000,-1.328369,-0.830316,-0.454951,0.548196,0.415694,0.320746,0.429575
0.000000,0.000000,0.800000,0.000000,0.000000,0.000000,1.000000,-0.100000,0.000000,0.000000,0.300000,-0.200000,0.000000,-0.100000,0.000000,0.000000,0.300000,-0.200000,0.000000,-0.043801,-0.057858,0.787712,0.350000,0.180000,0.000000,0.870000,0.000000,0.000000,0.000000,-1.329912,-0.833884,-0.454465,0.545193,0.413677,0.310875,0.434336
0.000000,0.000000,0.800000,0.000000,0.000000,0.000000,1.000000,-0.100000,0.000000,0.000000,0.300000,-0.200000,0.000000,-0.100000,0.000000,0.000000,0.300000,-0.200000,0.000000,-0.046993,-0.048198,0.800581,0.350000,0.180000,0.000000,0.870000,0.000000,0.000000,0.000000,-1.330790,-0.836581,-0.454055,0.541835,0.411551,0.300539,0.438378
0.000000,0.000000,0.800000,0.000000,0.000000,0.000000,1.000000,-0.100000,0.000000,0.000000,0.300000,-0.200000,0.000000,-0.100000,0.000000,0.000000,0.300000,-0.200000,0.000000,-0.049930,-0.038734,0.813240,0.350000,0.180000,0.000000,0.870000,0.000000,0.000000,0.000000,-1.330993,-0.838403,-0.453717,0.538117,0.409314,0.289762,0.441689
0.000000,0.000000,0.800000,0.000000,0.000000,0.000000,1.000000,-0.100000,0.000000,0.000000,0.300000,-0.200000,0.000000,-0.100000,0.000000,0.000000,0.300000,-0.200000,0.000000,-0.052603,-0.029483,0.825667,0.350000,0.180000,0.000000,0.870000,0.000000,0.000000,0.000000,-1.330513,-0.839348,-0.453446,0.534035,0.406963,0.278571,0.444259
0.000000,0.000000,0.800000,0.000000,0.000000,0.000000,1.000000,-0.100000,0.000000,0.000000,0.300000,-0.200000,0.000000,-0.100000,0.000000,0.000000,0.300000,-0.200000,0.000000,-0.055005,-0.020461,0.837843,0.350000,0.180000,0.000000,0.870000,0.000000,0.000000,0.000000,-1.329348,-0.839417,-0.453234,0.529586,0.404494,0.266994,0.446081
0.000000,0.000000,0.800000,0.000000,0.000000,0.000000,1.000000,-0.100000,0.000000,0.000000,0.300000,-0.200000,0.000000,-0.100000,0.000000,0.000000,0.300000,-0.200000,0.000000,-0.057125,-0.011684,0.849752,0.350000,0.180000,0.000000,0.870000,0.000000,0.000000,0.000000,-1.327500,-0.838615,-0.453074,0.524772,0.401903,0.255057,0.447149
0.000000,0.000000,0.800000,0.000000,0.000000,0.000000,1.000000,-0.100000,0.000000,0.000000,0.300000,-0.200000,0.000000,-0.100000,0.000000,0.000000,0.300000,-0.200000,0.000000,-0.058952,-0.003167,0.861379,0.350000,0.180000,0.000000,0.870000,0.000000,0.000000,0.000000,-1.324973,-0.836950,-0.452956,0.519595,0.399185,0.242789,0.447462
0.000000,0.000000,0.800000,0.000000,0.000000,0.000000,1.000000,-0.100000,0.000000,0.000000,0.300000,-0.200000,0.000000,-0.100000,0.000000,0.000000,0.300000,-0.200000,0.000000,-0.060474,0.005076,0.872710,0.350000,0.180000,0.000000,0.870000,0.000000,0.000000,0.000000,-1.321778,-0.834434,-0.452870,0.514061,0.396335,0.230217,0.447017
0.000000,0.000000,0.800000,0.000000,0.000000,0.000000,1.000000,-0.100000,0.000000,0.000000,0.300000,-0.200000,0.000000,-0.100000,0.000000,0.000000,0.300000,-0.200000,0.000000,-0.061679,0.013032,0.883733,0.350000,0.180000,0.000000,0.870000,0.000000,0.000000,0.000000,-1.317928,-0.831081,-0.452807,0.508178,0.393345,0.217371,0.445816
0.000000,0.000000,0.800000,0.000000,0.000000,0.000000,1.000000,-0.100000,0.000000,0.000000,0.300000,-0.200000,0.000000,-0.100000,0.000000,0.000000,0.300000,-0.200000,0.000000,-0.062552,0.020688,0.894436,0.350000,0.180000,0.000000,0.870000,0.000000,0.000000,0.000000,-1.313440,-0.826907,-0.452754,0.501958,0.390210,0.204279,0.443862
0.000000,0.000000,0.800000,0.000000,0.000000,0.000000,1.000000,-0.100000,0.000000,0.000000,0.300000,-0.200000,0.000000,-0.100000,0.000000,0.000000,0.300000,-0.200000,0.000000,-0.063079,0.028031,0.904811,0.350000,0.180000,0.000000,0.870000,0.000000,0.000000,0.000000,-1.308334,-0.821932,-0.452700,0.495412,0.386922,0.190972,0.441160
0.000000,0.000000,0.800000,0.000000,0.000000,0.000000,1.000000,-0.100000,0.000000,0.000000,0.300000,-0.200000,0.000000,-0.100000,0.000000,0.000000,0.300000,-0.200000,0.000000,-0.063246,0.035051,0.914847,0.350000,0.180000,0.000000,0.870000,0.000000,0.000000,0.000000,-1.302635,-0.816179,-0.452635,0.488557,0.383476,0.177478,0.437717
0.000000,0.000000,0.800000,0.000000,0.000000,0.000000,1.000000,-0.100000,0.000000,0.000000,0.300000,-0.200000,0.000000,-0.100000,0.000000,0.000000,0.300000,-0.200000,0.000000,-0.063036,0.041738,0.924535,0.350000,0.180000,0.000000,0.870000,0.000000,0.000000,0.000000,-1.296368,-0.809671,-0.452545,0.481411,0.379865,0.163829,0.433540
0.000000,0.000000,0.800000,0.000000,0.000000,0.000000,1.000000,-0.100000,0.000000,0.000000,0.300000,-0.200000,0.000000,-0.100000,0.000000,0.000000,0.300000,-0.200000,0.000000,-0.062433,0.048081,0.933867,0.350000,0.180000,0.000000,0.870000,0.000000,0.000000,0.000000,-1.289562,-0.802434,-0.452422,0.473992,0.376081,0.150054,0.428640
0.000000,0.000000,0.800000,0.000000,0.000000,0.000000,1.000000,-0.100000,0.000000,0.000000,0.300000,-0.200000,0.000000,-0.100000,0.000000,0.000000,0.300000,-0.200000,0.000000,-0.061423,0.054072,0.942833,0.350000,0.180000,0.000000,0.870000,0.000000,0.000000,0.000000,-1.282248,-0.794496,-0.452253,0.466324,0.372121,0.136185,0.423027
0.000000,0.000000,0.800000,0.000000,0.000000,0.000000,1.000000,-0.100000,0.000000,0.000000,0.300000,-0.200000,0.000000,-0.100000,0.000000,0.000000,0.300000,-0.200000,0.000000,-0.059988,0.059702,0.951425,0.350000,0.180000,0.000000,0.870000,0.000000,0.000000,0.000000,-1.274458,-0.785884,-0.452028,0.458428,0.367978,0.122252,0.416715
0.000000,0.000000,0.800000,0.000000,0.000000,0.000000,1.000000,-0.100000,0.000000,0.000000,0.300000,-0.200000,0.000000,-0.100000,0.000000,0.000000,0.300000,-0.200000,0.000000,-0.058113,0.064964,0.959634,0.350000,0.180000,0.000000,0.870000,0.000000,0.000000,0.000000,-1.266224,-0.776629,-0.451740,0.450329,0.363648,0.108289,0.409718
0.000000,0.000000,0.800000,0.000000,0.000000,0.000000,1.000000,-0.100000,0.000000,0.000000,0.300000,-0.200000,0.000000,-0.100000,0.000000,0.000000,0.300000,-0.200000,0.000000,-0.055784,0.069852,0.967449,0.350000,0.180000,0.000000,0.870000,0.000000,0.000000,0.000000,-1.257582,-0.766759,-0.451378,0.442052,0.359127,0.094327,0.402049
0.000000,0.000000,0.800000,0.000000,0.000000,0.000000,1.000000,-0.100000,0.000000,0.000000,0.300000,-0.200000,0.000000,-0.100000,0.000000,0.000000,0.300000,-0.200000,0.000000,-0.052986,0.074359,0.974861,0.350000,0.180000,0.000000,0.870000,0.000000,0.000000,0.000000,-1.248566,-0.756306,-0.450935,0.433624,0.354414,0.080399,0.393727
0.000000,0.000000,0.800000,0.000000,0.000000,0.000000,1.000000,-0.100000,0.000000,0.000000,0.300000,-0.200000,0.000000,-0.100000,0.000000,0.000000,0.300000,-0.200000,0.000000,-0.049706,0.078479,0.981858,0.350000,0.180000,0.000000,0.870000,0.000000,0.000000,0.000000,-1.239211,-0.745300,-0.450406,0.425070,0.349507,0.066538,0.384767
0.000000,0.000000,0.800000,0.000000,0.000000,0.000000,1.000000,-0.100000,0.000000,0.000000,0.300000,-0.200000,0.000000,-0.100000,0.000000,0.000000,0.300000,-0.200000,0.000000,-0.045932,0.082207,0.988429,0.350000,0.180000,0.000000,0.870000,0.000000,0.000000,0.000000,-1.229552,-0.733772,-0.449784,0.416420,0.344406,0.052777,0.375189
0.000000,0.000000,0.800000,0.000000,0.000000,0.000000,1.000000,-0.100000,0.000000,0.000000,0.300000,-0.200000,0.000000,-0.100000,0.000000,0.000000,0.300000,-0.200000,0.000000,-0.041653,0.085539,0.994560,0.350000,0.180000,0.000000,0.870000,0.000000,0.000000,0.000000,-1.219624,-0.721753,-0.449065,0.407699,0.339112,0.039152,0.365013
0.000000,0.000000,0.800000,0.000000,0.000000,0.000000,1.000000,-0.100000,0.000000,0.000000,0.300000,-0.200000,0.000000,-0.100000,0.000000,0.000000,0.300000,-0.200000,0.000000,-0.036861,0.088469,1.000239,0.350000,0.180000,0.000000,0.870000,0.000000,0.000000,0.000000,-1.209462,-0.709272,-0.448245,0.398935,0.333630,0.025696,0.354260
0.000000,0.000000,0.800000,0.000000,0.000000,0.000000,1.000000,-0.100000,0.000000,0.000000,0.300000,-0.200000,0.000000,-0.100000,0.000000,0.000000,0.300000,-0.200000,0.000000,-0.031548,0.090993,1.005451,0.350000,0.180000,0.000000,0.870000,0.000000,0.000000,0.000000,-1.199100,-0.696361,-0.447324,0.390157,0.327963,0.012444,0.342952
0.000000,0.000000,0.800000,0.000000,0.000000,0.000000,1.000000,-0.100000,0.000000,0.000000,0.300000,-0.200000,0.000000,-0.100000,0.000000,0.000000,0.300000,-0.200000,0.000000,-0.025709,0.093107,1.010181,0.350000,0.180000,0.000000,0.870000,0.000000,0.000000,0.000000,-1.188572,-0.683049,-0.446298,0.381390,0.322119,-0.000568,0.331114
0.000000,0.000000,0.800000,0.000000,0.000000,0.000000,1.000000,-0.100000,0.000000,0.000000,0.300000,-0.200000,0.000000,-0.100000,0.000000,0.000000,0.300000,-0.200000,0.000000,-0.019343,0.094808,1.014413,0.350000,0.180000,0.000000,0.870000,0.000000,0.000000,0.000000,-1.177910,-0.669366,-0.445169,0.372662,0.316107,-0.013304,0.318770
0.000000,0.000000,0.800000,0.000000,0.000000,0.000000,1.000000,-0.100000,0.000000,0.000000,0.300000,-0.200000,0.000000,-0.100000,0.000000,0.000000,0.300000,-0.200000,0.000000,-0.012449,0.096091,1.018130,0.350000,0.180000,0.000000,0.870000,0.000000,0.000000,0.000000,-1.167148,-0.655341,-0.443936,0.364001,0.309936,-0.025729,0.305948
0.000000,0.000000,0.800000,0.000000,0.000000,0.000000,1.000000,-0.100000,0.000000,0.000000,0.300000,-0.200000,0.000000,-0.100000,0.000000,0.000000,0.300000,-0.200000,0.000000,-0.005030,0.096952,1.021317,0.350000,0.180000,0.000000,0.870000,0.000000,0.000000,0.000000,-1.156318,-0.641004,-0.442601,0.355431,0.303619,-0.037805,0.292676
0.000000,0.000000,0.800000,0.000000,0.000000,0.000000,1.000000,-0.100000,0.000000,0.000000,0.300000,-0.200000,0.000000,-0.100000,0.000000,0.000000,0.300000,-0.200000,0.000000,0.002907,0.097387,1.023956,0.350000,0.180000,0.000000,0.870000,0.000000,0.000000,0.000000,-1.145449,-0.626384,-0.441167,0.346979,0.297172,-0.049497,0.278984
0.000000,0.000000,0.800000,0.000000,0.000000,0.000000,1.000000,-0.100000,0.000000,0.000000,0.300000,-0.200000,0.000000,-0.100000,0.000000,0.000000,0.300000,-0.200000,0.000000,0.011353,0.097392,1.026029,0.350000,0.180000,0.000000,0.870000,0.000000,0.000000,0.000000,-1.134573,-0.611510,-0.439636,0.338669,0.290610,-0.060768,0.264905
0.000000,0.000000,0.800000,0.000000,0.000000,0.000000,1.000000,-0.100000,0.000000,0.000000,0.300000,-0.200000,0.000000,-0.100000,0.000000,0.000000,0.300000,-0.200000,0.000000,0.020296,0.096963,1.027519,0.350000,0.180000,0.000000,0.870000,0.000000,0.000000,0.000000,-1.123719,-0.596411,-0.438013,0.330526,0.283952,-0.071582,0.250472
0.000000,0.000000,0.800000,0.000000,0.000000,0.000000,1.000000,-0.100000,0.000000,0.000000,0.300000,-0.200000,0.000000,-0.100000,0.000000,0.000000,0.300000,-0.200000,0.000000,0.029720,0.096097,1.028409,0.350000,0.180000,0.000000,0.870000,0.000000,0.000000,0.000000,-1.112917,-0.581117,-0.436302,0.322574,0.277220,-0.081902,0.235721
0.000000,0.000000,0.800000,0.000000,0.000000,0.000000,1.000000,-0.100000,0.000000,0.000000,0.300000,-0.200000,0.000000,-0.100000,0.000000,0.000000,0.300000,-0.200000,0.000000,0.039604,0.094788,1.028682,0.350000,0.180000,0.000000,0.870000,0.000000,0.000000,0.000000,-1.102193,-0.565657,-0.434508,0.314836,0.270437,-0.091692,0.220689
0.000000,0.000000,0.800000,0.000000,0.000000,0.000000,1.000000,-0.100000,0.000000,0.000000,0.300000,-0.200000,0.000000,-0.100000,0.000000,0.000000,0.300000,-0.200000,0.000000,0.049924,0.093033,1.028321,0.350000,0.180000,0.000000,0.870000,0.000000,0.000000,0.000000,-1.091575,-0.550062,-0.432637,0.307333,0.263627,-0.100916,0.205415
0.000000,0.000000,0.800000,0.000000,0.000000,0.000000,1.000000,-0.100000,0.000000,0.000000,0.300000,-0.200000,0.000000,-0.100000,0.000000,0.000000,0.300000,-0.200000,0.000000,0.060654,0.090828,1.027311,0.350000,0.180000,0.000000,0.870000,0.000000,0.000000,0.000000,-1.081091,-0.534362,-0.430696,0.300088,0.256817,-0.109541,0.189941
0.000000,0.000000,0.800000,0.000000,0.000000,0.000000,1.000000,-0.100000,0.000000,0.000000,0.300000,-0.200000,0.000000,-0.100000,0.000000,0.000000,0.300000,-0.200000,0.000000,0.071762,0.088169,1.025636,0.350000,0.180000,0.000000,0.870000,0.000000,0.000000,0.000000,-1.070765,-0.518589,-0.428690,0.293119,0.250036,-0.117530,0.174309
0.000000,0.000000,0.800000,0.000000,0.000000,0.000000,1.000000,-0.100000,0.000000,0.000000,0.300000,-0.200000,0.000000,-0.100000,0.000000,0.000000,0.300000,-0.200000,0.000000,0.083212,0.085054,1.023285,0.350000,0.180000,0.000000,0.870000,0.000000,0.000000,0.000000,-1.060623,-0.502775,-0.426628,0.286448,0.243313,-0.124852,0.158563
0.000000,0.000000,0.800000,0.000000,0.000000,0.000000,1.000000,-0.100000,0.000000,0.000000,0.300000,-0.200000,0.000000,-0.100000,0.000000,0.000000,0.300000,-0.200000,0.000000,0.094966,0.081479,1.020243,0.350000,0.180000,0.000000,0.870000,0.000000,0.000000,0.000000,-1.050690,-0.486954,-0.424516,0.280092,0.236682,-0.131474,0.142749
0.000000,0.000000,0.800000,0.000000,0.000000,0.000000,1.000000,-0.100000,0.000000,0.000000,0.300000,-0.200000,0.000000,-0.100000,0.000000,0.000000,0.300000,-0.200000,0.000000,0.106981,0.077442,1.016502,0.350000,0.180000,0.000000,0.870000,0.000000,0.000000,0.000000,-1.040988,-0.471159,-0.422365,0.274068,0.230173,-0.137365,0.126912
0.000000,0.000000,0.800000,0.000000,0.000000,0.000000,1.000000,-0.100000,0.000000,0.000000,0.300000,-0.200000,0.000000,-0.100000,0.000000,0.000000,0.300000,-0.200000,0.000000,0.119211,0.072944,1.012053,0.350000,0.180000,0.000000,0.870000,0.000000,0.000000,0.000000,-1.031542,-0.455427,-0.420182,0.268394,0.223820,-0.142495,0.111101
0.000000,0.000000,0.800000,0.000000,0.000000,0.000000,1.000000,-0.100000,0.000000,0.000000,0.300000,-0.200000,0.000000,-0.100000,0.000000,0.000000,0.300000,-0.200000,0.000000,0.131606,0.067983,1.006888,0.350000,0.180000,0.000000,0.870000,0.000000,0.000000,0.000000,-1.022373,-0.439794,-0.417978,0.263084,0.217658,-0.146836,0.095363
0.000000,0.000000,0.800000,0.000000,0.000000,0.000000,1.000000,-0.100000,0.000000,0.000000,0.300000,-0.200000,0.000000,-0.100000,0.000000,0.000000,0.300000,-0.200000,0.000000,0.144114,0.062562,1.001004,0.350000,0.180000,0.000000,0.870000,0.000000,0.000000,0.000000,-1.013503,-0.424298,-0.415763,0.258151,0.211721,-0.150363,0.079748
0.000000,0.000000,0.800000,0.000000,0.000000,0.000000,1.000000,-0.100000,0.000000,0.000000,0.300000,-0.200000,0.000000,-0.100000,0.000000,0.000000,0.300000,-0.200000,0.000000,0.156680,0.056684,0.994398,0.350000,0.180000,0.000000,0.870000,0.000000,0.000000,0.000000,-1.004954,-0.408977,-0.413547,0.253609,0.206042,-0.153050,0.064304
0.000000,0.000000,0.800000,0.000000,0.000000,0.000000,1.000000,-0.100000,0.000000,0.000000,0.300000,-0.200000,0.000000,-0.100000,0.000000,0.000000,0.300000,-0.200000,0.000000,0.169247,0.050354,0.987072,0.350000,0.180000,0.000000,0.870000,0.000000,0.000000,0.000000,-0.996744,-0.393871,-0.411343,0.249468,0.200656,-0.154877,0.049080
0.000000,0.000000,0.800000,0.000000,0.000000,0.000000,1.000000,-0.100000,0.000000,0.000000,0.300000,-0.200000,0.000000,-0.100000,0.000000,0.000000,0.300000,-0.200000,0.000000,0.181755,0.043580,0.979029,0.350000,0.180000,0.000000,0.870000,0.000000,0.000000,0.000000,-0.988894,-0.379022,-0.409163,0.245738,0.195595,-0.155822,0.034125
0.000000,0.000000,0.800000,0.000000,0.000000,0.000000,1.000000,-0.100000,0.000000,0.000000,0.300000,-0.200000,0.000000,-0.100000,0.000000,0.000000,0.300000,-0.200000,0.000000,0.194145,0.036373,0.970274,0.350000,0.180000,0.000000,0.870000,0.000000,0.000000,0.000000,-0.981424,-0.364471,-0.407020,0.242426,0.190890,-0.155869,0.019484
0.000000,0.000000,0.800000,0.000000,0.000000,0.000000,1.000000,-0.100000,0.000000,0.000000,0.300000,-0.200000,0.000000,-0.100000,0.000000,0.000000,0.300000,-0.200000,0.000000,0.206354,0.028744,0.960818,0.350000,0.180000,0.000000,0.870000,0.000000,0.000000,0.000000,-0.974350,-0.350261,-0.404928,0.239539,0.186571,-0.155003,0.005206
0.000000,0.000000,0.800000,0.000000,0.000000,0.000000,1.000000,-0.100000,0.000000,0.000000,0.300000,-0.200000,0.000000,-0.100000,0.000000,0.000000,0.300000,-0.200000,0.000000,0.218323,0.020710,0.950672,0.350000,0.180000,0.000000,0.870000,0.000000,0.000000,0.000000,-0.967690,-0.336435,-0.402903,0.237081,0.182666,-0.153213,-0.008665
0.000000,0.000000,0.800000,0.000000,0.000000,0.000000,1.000000,-0.100000,0.000000,0.000000,0.300000,-0.200000,0.000000,-0.100000,0.000000,0.000000,0.300000,-0.200000,0.000000,0.229988,0.012289,0.939851,0.350000,0.180000,0.000000,0.870000,0.000000,0.000000,0.000000,-0.961461,-0.323036,-0.400959,0.235054,0.179200,-0.150489,-0.022087
0.000000,0.000000,0.800000,0.000000,0.000000,0.000000,1.000000,-0.100000,0.000000,0.000000,0.300000,-0.200000,0.000000,-0.100000,0.000000,0.000000,0.300000,-0.200000,0.000000,0.241292,0.003504,0.928374,0.350000,0.180000,0.000000,0.870000,0.000000,0.000000,0.000000,-0.955680,-0.310109,-0.399112,0.233460,0.176196,-0.146827,-0.035016
0.000000,0.000000,0.800000,0.000000,0.000000,0.000000,1.000000,-0.100000,0.000000,0.000000,0.300000,-0.200000,0.000000,-0.100000,0.000000,0.000000,0.300000,-0.200000,0.000000,0.252174,-0.005621,0.916263,0.350000,0.180000,0.000000,0.870000,0.000000,0.000000,0.000000,-0.950359,-0.297697,-0.397379,0.232298,0.173674,-0.142224,-0.047416
0.000000,0.000000,0.800000,0.000000,0.000000,0.000000,1.000000,-0.100000,0.000000,0.000000,0.300000,-0.200000,0.000000,-0.100000,0.000000,0.000000,0.300000,-0.200000,0.000000,0.262580,-0.015056,0.903542,0.350000,0.180000,0.000000,0.870000,0.000000,0.000000,0.000000,-0.945515,-0.285844,-0.395776,0.231564,0.171650,-0.136683,-0.059249
0.000000,0.000000,0.800000,0.000000,0.000000,0.000000,1.000000,-0.100000,0.000000,0.000000,0.300000,-0.200000,0.000000,-0.100000,0.000000,0.000000,0.300000,-0.200000,0.000000,0.272455,-0.024769,0.890241,0.350000,0.180000,0.000000,0.870000,0.000000,0.000000,0.000000,-0.941159,-0.274592,-0.394320,0.231255,0.170136,-0.130207,-0.070480
0.000000,0.000000,0.800000,0.000000,0.000000,0.000000,1.000000,-0.100000,0.000000,0.000000,0.300000,-0.200000,0.000000,-0.100000,0.000000,0.000000,0.300000,-0.200000,0.000000,0.281750,-0.034725,0.876390,0.350000,0.180000,0.000000,0.870000,0.000000,0.000000,0.000000,-0.937302,-0.263984,-0.393028,0.231363,0.169142,-0.122807,-0.081080
0.000000,0.000000,0.800000,0.000000,0.000000,0.000000,1.000000,-0.100000,0.000000,0.000000,0.300000,-0.200000,0.000000,-0.100000,0.000000,0.000000,0.300000,-0.200000,0.000000,0.290419,-0.044886,0.862025,0.350000,0.180000,0.000000,0.870000,0.000000,0.000000,0.000000,-0.933956,-0.254060,-0.391915,0.231882,0.168673,-0.114496,-0.091019
0.000000,0.000000,0.800000,0.000000,0.000000,0.000000,1.000000,-0.100000,0.000000,0.000000,0.300000,-0.200000,0.000000,-0.100000,0.000000,0.000000,0.300000,-0.200000,0.000000,0.298421,-0.055210,0.847182,0.350000,0.180000,0.000000,0.870000,0.000000,0.000000,0.000000,-0.931129,-0.244859,-0.390998,0.232801,0.168730,-0.105290,-0.100272
0.000000,0.000000,0.800000,0.000000,0.000000,0.000000,1.000000,-0.100000,0.000000,0.000000,0.300000,-0.200000,0.000000,-0.100000,0.000000,0.000000,0.300000,-0.200000,0.000000,0.305718,-0.065653,0.831905,0.350000,0.180000,0.000000,0.870000,0.000000,0.000000,0.000000,-0.928828,-0.236421,-0.390289,0.234110,0.169311,-0.095212,-0.108817
0.000000,0.000000,0.800000,0.000000,0.000000,0.000000,1.000000,-0.100000,0.000000,0.000000,0.300000,-0.200000,0.000000,-0.100000,0.000000,0.000000,0.300000,-0.200000,0.000000,0.312280,-0.076170,0.816236,0.350000,0.180000,0.000000,0.870000,0.000000,0.000000,0.000000,-0.927060,-0.228780,-0.389802,0.235798,0.170409,-0.084288,-0.116635
0.000000,0.000000,0.800000,0.000000,0.000000,0.000000,1.000000,-0.100000,0.000000,0.000000,0.300000,-0.200000,0.000000,-0.100000,0.000000,0.000000,0.300000,-0.200000,0.000000,0.318080,-0.086712,0.800223,0.350000,0.180000,0.000000,0.870000,0.000000,0.000000,0.000000,-0.925827,-0.221969,-0.389549,0.237851,0.172013,-0.072548,-0.123708
0.000000,0.000000,0.800000,0.000000,0.000000,0.000000,1.000000,-0.100000,0.000000,0.000000,0.300000,-0.200000,0.000000,-0.100000,0.000000,0.000000,0.300000,-0.200000,0.000000,0.323100,-0.097230,0.783917,0.350000,0.180000,0.000000,0.870000,0.000000,0.000000,0.000000,-0.925131,-0.216021,-0.389538,0.240255,0.174109,-0.060025,-0.130024
0.000000,0.000000,0.800000,0.000000,0.000000,0.000000,1.000000,-0.100000,0.000000,0.000000,0.300000,-0.200000,0.000000,-0.100000,0.000000,0.000000,0.300000,-0.200000,0.000000,0.327325,-0.107674,0.767370,0.350000,0.180000,0.000000,0.870000,0.000000,0.000000,0.000000,-0.924973,-0.210964,-0.389776,0.242997,0.176679,-0.046759,-0.135571
0.000000,0.000000,0.800000,0.000000,0.000000,0.000000,1.000000,-0.100000,0.000000,0.000000,0.300000,-0.200000,0.000000,-0.100000,0.000000,0.000000,0.300000,-0.200000,0.000000,0.330746,-0.117992,0.750638,0.350000,0.180000,0.000000,0.870000,0.000000,0.000000,0.000000,-0.925350,-0.206822,-0.390269,0.246062,0.179702,-0.032792,-0.140340
0.000000,0.000000,0.800000,0.000000,0.000000,0.000000,1.000000,-0.100000,0.000000,0.000000,0.300000,-0.200000,0.000000,-0.100000,0.000000,0.000000,0.300000,-0.200000,0.000000,0.333363,-0.128135,0.733778,0.350000,0.180000,0.000000,0.870000,0.000000,0.000000,0.000000,-0.926258,-0.203617,-0.391016,0.249435,0.183152,-0.018171,-0.144325
0.000000,0.000000,0.800000,0.000000,0.000000,0.000000,1.000000,-0.100000,0.000000,0.000000,0.300000,-0.200000,0.000000,-0.100000,0.000000,0.000000,0.300000,-0.200000,0.000000,0.335178,-0.138053,0.716851,0.350000,0.180000,0.000000,0.870000,0.000000,0.000000,0.000000,-0.927691,-0.201369,-0.392018,0.253099,0.187002,-0.002944,-0.147522
0.000000,0.000000,0.800000,0.000000,0.000000,0.000000,1.000000,-0.100000,0.000000,0.000000,0.300000,-0.200000,0.000000,-0.100000,0.000000,0.000000,0.300000,-0.200000,0.000000,0.336201,-0.147697,0.699918,0.350000,0.180000,0.000000,0.870000,0.000000,0.000000,0.000000,-0.929640,-0.200091,-0.393269,0.257040,0.191223,0.012835,-0.149930
0.000000,0.000000,0.800000,0.000000,0.000000,0.000000,1.000000,-0.100000,0.000000,0.000000,0.300000,-0.200000,0.000000,-0.100000,0.000000,0.000000,0.300000,-0.200000,0.000000,0.336446,-0.157021,0.683042,0.350000,0.180000,0.000000,0.870000,0.000000,0.000000,0.000000,-0.932095,-0.199796,-0.394763,0.261242,0.195782,0.029110,-0.151547
0.000000,0.000000,0.800000,0.000000,0.000000,0.000000,1.000000,-0.100000,0.000000,0.000000,0.300000,-0.200000,0.000000,-0.100000,0.000000,0.000000,0.300000,-0.200000,0.000000,0.335933,-0.165979,0.666288,0.350000,0.180000,0.000000,0.870000,0.000000,0.000000,0.000000,-0.935043,-0.200488,-0.396488,0.265690,0.200645,0.045822,-0.152376
0.000000,0.000000,0.800000,0.000000,0.000000,0.000000,1.000000,-0.100000,0.000000,0.000000,0.300000,-0.200000,0.000000,-0.100000,0.000000,0.000000,0.300000,-0.200000,0.000000,0.334685,-0.174530,0.649719,0.350000,0.180000,0.000000,0.870000,0.000000,0.000000,0.000000,-0.938472,-0.202172,-0.398430,0.270367,0.205777,0.062912,-0.152419
